Дата;Домен;Период в Similarweb;Страна/география;Показатель;Значение;Единица;Комментарий;Файл скриншота
2026-09-30;plantuml.com;August 2026 (Jun-Aug 2026);Global;Total visits (последний месяц, Aug 2026);507K;визитов/мес;оценка Similarweb, июнь/июль текстом не показаны;similarweb_traffic_plantuml.com_global_last3months_2026-09-30.png
2026-09-30;plantuml.com;August 2026 (Jun-Aug 2026);Global;Изменение визитов к прошлому месяцу;-27.81;%;снижение;similarweb_traffic_plantuml.com_global_last3months_2026-09-30.png
2026-09-30;plantuml.com;August 2026 (Jun-Aug 2026);Global;Global rank;93517;место;в июне 74,025 (ухудшение);similarweb_traffic_plantuml.com_global_last3months_2026-09-30.png
2026-09-30;plantuml.com;August 2026 (Jun-Aug 2026);Russia;Country rank;24334;место;страна с макс. трафиком;similarweb_traffic_plantuml.com_global_last3months_2026-09-30.png
2026-09-30;plantuml.com;August 2026 (Jun-Aug 2026);Russia;Category rank;692;место;Computers Electronics and Technology > Programming and Developer Software;similarweb_traffic_plantuml.com_global_last3months_2026-09-30.png
2026-09-30;plantuml.com;August 2026 (Jun-Aug 2026);Global;Bounce rate;45.52;%;;similarweb_traffic_plantuml.com_global_last3months_2026-09-30.png
2026-09-30;plantuml.com;August 2026 (Jun-Aug 2026);Global;Pages per visit;3.18;стр.;;similarweb_traffic_plantuml.com_global_last3months_2026-09-30.png
2026-09-30;plantuml.com;August 2026 (Jun-Aug 2026);Global;Avg visit duration;00:03:16;чч:мм:сс;;similarweb_traffic_plantuml.com_global_last3months_2026-09-30.png
2026-09-30;plantuml.com;August 2026 (Jun-Aug 2026);Russia;Доля трафика страны;9.07;%;1-е место;similarweb_traffic_plantuml.com_global_last3months_2026-09-30.png
2026-09-30;plantuml.com;August 2026 (Jun-Aug 2026);Germany;Доля трафика страны;7.21;%;;similarweb_traffic_plantuml.com_global_last3months_2026-09-30.png
2026-09-30;plantuml.com;August 2026 (Jun-Aug 2026);China;Доля трафика страны;6.4;%;;similarweb_traffic_plantuml.com_global_last3months_2026-09-30.png
2026-09-30;plantuml.com;August 2026 (Jun-Aug 2026);Japan;Доля трафика страны;4.61;%;;similarweb_traffic_plantuml.com_global_last3months_2026-09-30.png
2026-09-30;plantuml.com;August 2026 (Jun-Aug 2026);United States;Доля трафика страны;4.57;%;;similarweb_traffic_plantuml.com_global_last3months_2026-09-30.png
2026-09-30;plantuml.com;August 2026 (Jun-Aug 2026);Belarus;Доля трафика страны;нет данных в бесплатном доступе;;не в топ-5 (Others 68.15%);similarweb_traffic_plantuml.com_global_last3months_2026-09-30.png
2026-09-30;plantuml.com;August 2026 (Jun-Aug 2026);Kazakhstan;Доля трафика страны;нет данных в бесплатном доступе;;не в топ-5;similarweb_traffic_plantuml.com_global_last3months_2026-09-30.png
2026-09-30;plantuml.com;August 2026 (Jun-Aug 2026);Global;Канал Organic Search;48.47;%;1-е место, desktop;similarweb_traffic_plantuml.com_global_last3months_2026-09-30.png
2026-09-30;plantuml.com;August 2026 (Jun-Aug 2026);Global;Каналы Direct/Referrals;нет данных в бесплатном доступе;;Direct 2-е, Referrals 3-е место без долей;similarweb_traffic_plantuml.com_global_last3months_2026-09-30.png
2026-09-30;plantuml.com;August 2026 (Jun-Aug 2026);Global;Каналы Social/Paid/Mail/Display;нет данных в бесплатном доступе;;показаны только топ-3 канала;similarweb_traffic_plantuml.com_global_last3months_2026-09-30.png
2026-09-30;plantuml.com;August 2026 (Jun-Aug 2026);Global;Top keywords;plantuml, plant uml, plantuml online, plantuml editor, planuml;;всего 866 ключей, organic 100%/paid 0%;similarweb_traffic_plantuml.com_global_last3months_2026-09-30.png
2026-09-30;plantuml.com;August 2026 (Jun-Aug 2026);Global;Similar sites;app.diagrams.net 100%, mermaidchart.com 92%, eraser.io 90%, drawio-app.com 85%, sequencediagram.org 80%, websequencediagrams.com 78%, visual-paradigm.com 75%, mermaid.live 68%;;affinity;similarweb_traffic_plantuml.com_global_last3months_2026-09-30.png
2026-09-30;plantuml.com;August 2026 (Jun-Aug 2026);Global;Demographics;69.66% male / 30.34% female, 25-34 лет 33.63%;;;similarweb_traffic_plantuml.com_global_last3months_2026-09-30.png
2026-09-30;app.diagrams.net;August 2026;Global;Все показатели;нет данных в бесплатном доступе;;доступ закрыт (лимит бесплатных просмотров/логин);similarweb_traffic_app.diagrams.net_global_limit_2026-09-30.png
2026-09-30;mermaid.live;August 2026;Global;Все показатели;нет данных в бесплатном доступе;;доступ закрыт (лимит бесплатных просмотров/логин);
