Показатель;Значение;Единица;Период;Источник;URL;Дата обращения;Примечание
Курс USD/BYN (1 USD);3,0285;BYN;30.09.2026;НБРБ API;https://api.nbrb.by/exrates/rates/431?periodicity=0&ondate=2026-09-30;30.09.2026;raw/nbrb_431_2026-09-30.json
Курс USD/BYN (1 USD);3,0578;BYN;01.09.2026;НБРБ API;https://api.nbrb.by/exrates/rates/431?periodicity=0&ondate=2026-09-01;30.09.2026;"raw/nbrb_431_2026-09-01.json; изменение за месяц -0,96 %"
Курс EUR/BYN (1 EUR);3,4323;BYN;30.09.2026;НБРБ API;https://api.nbrb.by/exrates/rates/451?periodicity=0&ondate=2026-09-30;30.09.2026;raw/nbrb_451_2026-09-30.json
Курс EUR/BYN (1 EUR);3,5467;BYN;01.09.2026;НБРБ API;https://api.nbrb.by/exrates/rates/451?periodicity=0&ondate=2026-09-01;30.09.2026;raw/nbrb_451_2026-09-01.json
Курс RUB/BYN (за 100 RUB);3,5882;BYN;30.09.2026;НБРБ API;https://api.nbrb.by/exrates/rates/456?periodicity=0&ondate=2026-09-30;30.09.2026;"raw/nbrb_456_2026-09-30.json; Cur_Scale=100"
Курс RUB/BYN (за 100 RUB);3,5527;BYN;01.09.2026;НБРБ API;https://api.nbrb.by/exrates/rates/456?periodicity=0&ondate=2026-09-01;30.09.2026;raw/nbrb_456_2026-09-01.json
Численность студентов УВО (всего);229,0;тыс. чел.;начало 2025/26 уч. г.;Белстат, «Образование в Республике Беларусь, 2026», табл. 7.1;https://www.belstat.gov.by/upload/iblock/6af/m93v33ohm51kl00b333cmrhjbhj42ouo.pdf;30.09.2026;"Подтверждено (совпадает с ЛР1). raw/belstat_edu2026.pdf, стр. 28 сборника. Ряд 2021/22-2025/26: 243,0; 228,0; 222,5; 224,2; 229,0"
Численность студентов УВО (всего);224,2;тыс. чел.;начало 2024/25 уч. г.;Белстат, «Образование в Республике Беларусь, 2026», табл. 7.1;https://www.belstat.gov.by/upload/iblock/6af/m93v33ohm51kl00b333cmrhjbhj42ouo.pdf;30.09.2026;
Студенты УВО, дневная форма;160,5;тыс. чел.;начало 2025/26 уч. г.;Белстат, «Образование в Республике Беларусь, 2026», табл. 7.1;https://www.belstat.gov.by/upload/iblock/6af/m93v33ohm51kl00b333cmrhjbhj42ouo.pdf;30.09.2026;2024/25: 152,4
Студенты УВО, заочная форма;67,8;тыс. чел.;начало 2025/26 уч. г.;Белстат, «Образование в Республике Беларусь, 2026», табл. 7.1;https://www.belstat.gov.by/upload/iblock/6af/m93v33ohm51kl00b333cmrhjbhj42ouo.pdf;30.09.2026;2024/25: 71,2
Студенты УВО, дистанционная форма;0,6;тыс. чел.;начало 2025/26 уч. г.;Белстат, «Образование в Республике Беларусь, 2026», табл. 7.1;https://www.belstat.gov.by/upload/iblock/6af/m93v33ohm51kl00b333cmrhjbhj42ouo.pdf;30.09.2026;
Число учреждений высшего образования;47;ед.;2025/26 уч. г.;Белстат, «Образование в Республике Беларусь, 2026», табл. 7.1;https://www.belstat.gov.by/upload/iblock/6af/m93v33ohm51kl00b333cmrhjbhj42ouo.pdf;30.09.2026;"университетов 33, академий 9; 2024/25: 47"
Принято студентов в УВО;55,9;тыс. чел.;2025/26 уч. г.;Белстат, «Образование в Республике Беларусь, 2026», табл. 7.1;https://www.belstat.gov.by/upload/iblock/6af/m93v33ohm51kl00b333cmrhjbhj42ouo.pdf;30.09.2026;дневная форма 42,4
Выпущено специалистов УВО;46,6;тыс. чел.;2025 г.;Белстат, «Образование в Республике Беларусь, 2026», табл. 7.1;https://www.belstat.gov.by/upload/iblock/6af/m93v33ohm51kl00b333cmrhjbhj42ouo.pdf;30.09.2026;
Численность магистрантов;10,7;тыс. чел.;2025/26 уч. г.;Белстат, «Образование в Республике Беларусь, 2026», табл. 7.1;https://www.belstat.gov.by/upload/iblock/6af/m93v33ohm51kl00b333cmrhjbhj42ouo.pdf;30.09.2026;2024/25: 10,4
Численность ППС вузов (основной персонал);17,1;тыс. чел.;2025/26 уч. г.;Белстат, «Образование в Республике Беларусь, 2026», табл. 7.1;https://www.belstat.gov.by/upload/iblock/6af/m93v33ohm51kl00b333cmrhjbhj42ouo.pdf;30.09.2026;"2024/25: 17,1; 2021/22: 19,1"
Студенты по группам специальностей (ИТ, экономика, управление);нет данных;;2025/26;"Белстат, «Образование в РБ, 2026»; edustat.by не открылся";https://www.belstat.gov.by/upload/iblock/6af/m93v33ohm51kl00b333cmrhjbhj42ouo.pdf;30.09.2026;"В сборнике разбивки по профилям нет; цифра про 75 тыс. студентов STEM из поисковой выдачи не проверена по первоисточнику и не использована"
Число преподавателей ИТ-направлений;нет данных;;-;-;-;30.09.2026;Не найдено в открытых источниках
Номинальная начисленная среднемесячная з/п (экономика РБ);3172,0;BYN;июль 2026;Белстат, экспресс-информация «Основные социально-экономические показатели», янв.-авг. 2026 (лист 3);https://www.belstat.gov.by/upload-belstat/upload-belstat-excel/Oficial_statistika/2026/express_info-2608.xlsx;30.09.2026;"raw/express_info-2608.xlsx; июль к июлю 2025 = 113,9 %; реальная з/п 109,1 %"
Номинальная начисленная среднемесячная з/п (экономика РБ);2960,7;BYN;январь-июль 2026;Белстат, экспресс-информация (лист 3);https://www.belstat.gov.by/upload-belstat/upload-belstat-excel/Oficial_statistika/2026/express_info-2608.xlsx;30.09.2026;"к янв.-июлю 2025: 113,3 %; реальная 107,7 %"
Реальные располагаемые денежные доходы населения;108,1;% к янв.-июлю 2025;январь-июль 2026;Белстат, экспресс-информация (лист 3);https://www.belstat.gov.by/upload-belstat/upload-belstat-excel/Oficial_statistika/2026/express_info-2608.xlsx;30.09.2026;Номинальные денежные доходы на душу населения: нет данных (в экспресс-информации не приведены)
Средняя з/п по виду деятельности «информация и связь»;6413,0;BYN;июль 2026;myfin.by со ссылкой на Белстат (вторичный источник);https://myfin.by/article/money/nazvana-srednaa-zarplata-v-belarusi-za-iul-kakie-cifry-po-regionam-47929;30.09.2026;"raw/myfin_*47929.html; первичную таблицу Белстата по видам деятельности не нашёл (dataportal.belstat.gov.by - SPA)"
Средняя з/п по виду деятельности «информация и связь»;6190,4;BYN;июнь 2026;myfin.by со ссылкой на Белстат (вторичный);https://myfin.by/article/money/srednaa-zarplata-v-belarusi-solidno-pribavila-po-itogam-iuna-rost-udvoilsa-47181;30.09.2026;средняя по РБ за июнь 3104,1 BYN
Средняя з/п сектора ИКТ (за год);5661,8;BYN;2024;Белстат, нац. показатели цифровой экономики (digital_economy-2024.xls), п. 6;https://www.belstat.gov.by/upload-belstat/upload-belstat-excel/Oficial_statistika/2024/digital_economy-2024.xls;30.09.2026;"247,4 % к средней по республике; реальная з/п сектора ИКТ 100,8 % к 2023"
Организации цифровой экономики (по основному виду деят.);8533;ед.;2024;Белстат, нац. показатели цифровой экономики, п. 4;https://www.belstat.gov.by/upload-belstat/upload-belstat-excel/Oficial_statistika/2024/digital_economy-2024.xls;30.09.2026;"Подтверждено (совпадает с ЛР1). Сектор ИКТ 5462; контент и СМИ 964; цифровая торговля 2107. 2023: 7807"
Списочная численность работников цифровой экономики;130549;чел.;2024;Белстат, п. 5;https://www.belstat.gov.by/upload-belstat/upload-belstat-excel/Oficial_statistika/2024/digital_economy-2024.xls;30.09.2026;"3,7 % от списочной численности; сектор ИКТ 104381 (2,9 %); 2023: 129418"
Валовая добавленная стоимость цифровой экономики;15140,1;млн BYN;2024 (предварительно);Белстат, п. 1;https://www.belstat.gov.by/upload-belstat/upload-belstat-excel/Oficial_statistika/2024/digital_economy-2024.xls;30.09.2026;"7,0 % ВДС, 6,1 % ВВП; сектор ИКТ 13438,9 млн BYN"
Доля населения 6-72 лет, использующего интернет;94,3;%;2024;Белстат, п. 14;https://www.belstat.gov.by/upload-belstat/upload-belstat-excel/Oficial_statistika/2024/digital_economy-2024.xls;30.09.2026;ежедневно 86,0 %
Занятые в экономике по виду деятельности «информация и связь»;нет данных;;-;Белстат;-;30.09.2026;Замена: списочная численность сектора ИКТ 104381 чел. (2024)
Занятые в «профессиональная, научная и техническая деятельность»;нет данных;;-;Белстат;-;30.09.2026;Найдена лишь доля вида деятельности среди МСП: 7,6 %
Базовая величина;45;BYN;с 01.01.2026;Постановление Совмина от 20.11.2025 № 651 (новость pravo.by);https://pravo.by/novosti/novosti-pravo-by/2025/november/91047/;30.09.2026;2025: 42 BYN. raw/pravo_bazovaya_2025-11.html
Учебная стипендия (пример БГУ, юрфак, балл 6,0-6,9);208,61;BYN/мес;с 01.02.2026;teenage.by, 18.03.2026 (вторичный источник);https://teenage.by/article/sravnivaem-stipendiju-v-belorusskih-vuzah;30.09.2026;"БГУ: 7,0-7,9 = 229,47; 8,0-8,9 = 271,19; 9,0-10 = 312,92. Первичный акт не найден"
Учебная стипендия (БГУИР, технические и ИТ, балл 6,0-7,9);224,66-256,75;BYN/мес;с 01.02.2026;teenage.by, 18.03.2026 (вторичный);https://teenage.by/article/sravnivaem-stipendiju-v-belorusskih-vuzah;30.09.2026;"8,0-8,9: 262,11-299,54; 9,0-10: 299,55-342,34; зависит от вуза и коэффициентов"
Социальная стипендия;128,38;BYN/мес;с 01.02.2026;teenage.by, 18.03.2026 (вторичный);https://teenage.by/article/sravnivaem-stipendiju-v-belorusskih-vuzah;30.09.2026;Первичный акт не найден
Резиденты ПВТ;более 1000;компаний;2025 (страница без даты);park.by, «Цифры и факты»;https://www.park.by/htp/facts/;30.09.2026;"В 2025 вступило 136; 18.09.2026 Набсовет одобрил ещё 31 (https://www.park.by/press/news/v_pvt_31_novyy_rezident/); точное число на сайте не указано"
Работники резидентов ПВТ;порядка 60;тыс. чел.;2025 (страница без даты);park.by, «Цифры и факты»;https://www.park.by/htp/facts/;30.09.2026;За 2025 создано почти 6 тыс. рабочих мест
Экспорт ПВТ;2;млрд USD;2025;park.by, «Цифры и факты»;https://www.park.by/htp/facts/;30.09.2026;"Объём производства резидентов 8,6 млрд BYN; налоги 757,7 млн BYN"
Организации МСП;135,0;тыс. ед.;01.01.2026;Белстат (по БЕЛТА/pravo.by, 22.05.2026);https://pravo.by/novosti/obshchestvenno-politicheskie-i-v-oblasti-prava/2026/maj/93557/;30.09.2026;"малых 132,8; средних 2,2; raw/pravo_msp_2026-05.html"
Индивидуальные предприниматели;204,4;тыс. чел.;01.01.2026;Белстат (по БЕЛТА/pravo.by);https://pravo.by/novosti/obshchestvenno-politicheskie-i-v-oblasti-prava/2026/maj/93557/;30.09.2026;"иные физлица с ИПД: 250,5 тыс.; вклад МСП в ВВП 2025: 27,4 %"
Пользователи интернета в РБ;8,47;млн чел.;октябрь 2025;DataReportal, Digital 2026: Belarus (Kepios);https://datareportal.com/reports/digital-2026-belarus;30.09.2026;"Проникновение 94,3 %; -56 тыс. (-0,7 %) за год; raw/datareportal_belarus_2026.txt"
Население РБ (данные ООН);8,98;млн чел.;октябрь 2025;DataReportal;https://datareportal.com/reports/digital-2026-belarus;30.09.2026;
Идентификаторы пользователей соцсетей;7,64;млн;октябрь 2025;DataReportal;https://datareportal.com/reports/digital-2026-belarus;30.09.2026;"85,0 % населения; охват LinkedIn 12,2 % населения"
Lucidchart Free;0;USD/мес;цены на 30.09.2026;Страница тарифов производителя (raw_prices/);https://lucid.app/pricing/lucidchart;30.09.2026;"3 документа, 75 фигур; НДС не включён"
Lucidchart Individual;9 (оплата за год);USD/мес;цены на 30.09.2026;Страница тарифов производителя (raw_prices/);https://lucid.app/pricing/lucidchart;30.09.2026;при помесячной оплате цена в захваченном тексте не показана
Lucidchart Team;10 за пользователя (оплата за год);USD/мес;цены на 30.09.2026;Страница тарифов производителя (raw_prices/);https://lucid.app/pricing/lucidchart;30.09.2026;скидка для студентов на странице не указана
Miro Free;0;USD/мес;цены на 30.09.2026;Страница тарифов производителя (raw_prices/);https://miro.com/pricing/;30.09.2026;3 редактируемые доски
Miro Starter;8 за участника (оплата за год);USD/мес;цены на 30.09.2026;Страница тарифов производителя (raw_prices/);https://miro.com/pricing/;30.09.2026;"помесячная цена не в статическом HTML; Education Plan: бесплатно для студентов и персонала аккредитованных учреждений"
Miro Business;20 за участника (оплата за год);USD/мес;цены на 30.09.2026;Страница тарифов производителя (raw_prices/);https://miro.com/pricing/;30.09.2026;50 AI-кредитов/участник/мес
Mermaid Chart Basic (Free);0;USD/мес;цены на 30.09.2026;Страница тарифов производителя (raw_prices/);https://mermaid.ai/pricing;30.09.2026;3 диаграммы, ограниченный ИИ
Mermaid Chart Plus;10 за пользователя (оплата за год);USD/мес;цены на 30.09.2026;Страница тарифов производителя (raw_prices/);https://mermaid.ai/pricing;30.09.2026;"безлимит диаграмм, 300 AI-кредитов/год; помесячная цена не захвачена"
Mermaid Chart Premium;20 за пользователя (оплата за год);USD/мес;цены на 30.09.2026;Страница тарифов производителя (raw_prices/);https://mermaid.ai/pricing;30.09.2026;"2000 AI-кредитов/год; бесплатные viewer-места"
Visual Paradigm Online Free;0;USD/мес;цены на 30.09.2026;Страница тарифов производителя (raw_prices/);https://online.visual-paradigm.com/pricing/;30.09.2026;только некоммерческое использование («best for students»)
Visual Paradigm Online Starter;4 (оплата за год);USD/мес за пользователя;цены на 30.09.2026;Страница тарифов производителя (raw_prices/);https://online.visual-paradigm.com/pricing/;30.09.2026;"тарифы Modeler/Personal/Standard/Professional на странице заменены на Starter/Advance/Combo/Deluxe; помесячные цены (скидка за год ~20 %) не захвачены"
Visual Paradigm Online Advance;9 (оплата за год);USD/мес за пользователя;цены на 30.09.2026;Страница тарифов производителя (raw_prices/);https://online.visual-paradigm.com/pricing/;30.09.2026;командная работа
Visual Paradigm Online Combo;15 (оплата за год);USD/мес за пользователя;цены на 30.09.2026;Страница тарифов производителя (raw_prices/);https://online.visual-paradigm.com/pricing/;30.09.2026;включает VPasCode: PlantUML/Mermaid/Graphviz live editor (прямой аналог diagram-as-code)
Visual Paradigm Online Deluxe;30 (оплата за год);USD/мес за пользователя;цены на 30.09.2026;Страница тарифов производителя (raw_prices/);https://online.visual-paradigm.com/pricing/;30.09.2026;AI-чатбот
Creately Free;0;USD/мес;цены на 30.09.2026;Страница тарифов производителя (raw_prices/);https://creately.com/plans/;30.09.2026;45 элементов на холсте
Creately Starter;"5 (оплата за год); при помесячной 8 (по тексту страницы)";USD/мес;цены на 30.09.2026;Страница тарифов производителя (raw_prices/);https://creately.com/plans/;30.09.2026;"60 USD в год; образование: «discounted rates» без суммы"
Creately Team;5 за пользователя (оплата за год);USD/мес;цены на 30.09.2026;Страница тарифов производителя (raw_prices/);https://creately.com/plans/;30.09.2026;экономия 36 USD/пользователь/год
Creately Business;89 (оплата за год: 1068 USD);USD/мес;цены на 30.09.2026;Страница тарифов производителя (raw_prices/);https://creately.com/plans/;30.09.2026;безлимит пользователей
Eraser Free;0;USD/мес;цены на 30.09.2026;Страница тарифов производителя (raw_prices/);https://www.eraser.io/pricing;30.09.2026;3 файла, 3 AI-диаграммы, Diagram-as-code
Eraser Starter;15 (год) / 20 (помесячно) за участника;USD/мес;цены на 30.09.2026;Страница тарифов производителя (raw_prices/);https://www.eraser.io/pricing;30.09.2026;"безлимит файлов, 40 AI-диаграмм; план «Professional» на странице называется Starter; скидка для образования по заявке, размер не указан"
Eraser Business;45 (год) / 60 (помесячно) за участника;USD/мес;цены на 30.09.2026;Страница тарифов производителя (raw_prices/);https://www.eraser.io/pricing;30.09.2026;SAML SSO, 250 AI-диаграмм
Whimsical Free;0;USD/мес;цены на 30.09.2026;Страница тарифов производителя (raw_prices/);https://whimsical.com/pricing;30.09.2026;50 объектов на доске в месяц
Whimsical Pro;10 за редактора (оплата за год, скидка 17 %);USD/мес;цены на 30.09.2026;Страница тарифов производителя (raw_prices/);https://whimsical.com/pricing;30.09.2026;студенты и преподаватели - бесплатно по заявке
Whimsical Business;20 за редактора (оплата за год);USD/мес;цены на 30.09.2026;Страница тарифов производителя (raw_prices/);https://whimsical.com/pricing;30.09.2026;
dbdiagram.io Free;0;USD/мес;цены на 30.09.2026;Страница тарифов производителя (raw_prices/);https://dbdiagram.io/pricing;30.09.2026;10 диаграмм, 1 пользователь
dbdiagram.io Personal Pro;8 (помесячная оплата);USD/мес;цены на 30.09.2026;Страница тарифов производителя (raw_prices/);https://dbdiagram.io/pricing;30.09.2026;при годовой оплате скидка до 42 %
dbdiagram.io Team;75 (помесячная оплата), 3 пользователя;USD/мес;цены на 30.09.2026;Страница тарифов производителя (raw_prices/);https://dbdiagram.io/pricing;30.09.2026;доп. пользователь 5 USD/мес
draw.io / diagrams.net;0;USD;цены на 30.09.2026;Страница тарифов производителя (raw_prices/);https://www.drawio.com/;30.09.2026;«Free forever, No sign-up required, Open source, Apache 2.0»
PlantUML;0 (цен на странице нет);USD;цены на 30.09.2026;Страница тарифов производителя (raw_prices/);https://plantuml.com/;30.09.2026;"open source; тарифов PlantUML Pro / PlantText на plantuml.com и planttext.com нет"
Microsoft Visio Plan 1;"5,00 за пользователя (оплата за год; «annual or monthly commitment»)";USD/мес;цены на 30.09.2026;Страница тарифов производителя (raw_prices/);https://www.microsoft.com/en-us/microsoft-365/visio;30.09.2026;"веб-версия; пробный период 1 месяц"
Microsoft Visio Plan 2;15,00 за пользователя (оплата за год);USD/мес;цены на 30.09.2026;Страница тарифов производителя (raw_prices/);https://www.microsoft.com/en-us/microsoft-365/visio;30.09.2026;веб и desktop
Зарплаты ИТ-специалистов РБ (dev.by: аналитик/разработчик/архитектор);нет данных;;-;dev.by;https://salaries.devby.io/;30.09.2026;"salaries.devby.io вернул 502; свежих (2026) обзоров с медианами не найдено"
