Период;Кластер запросов;Google Trends, 0-100;Яндекс Вордстат, запросов;Регион/рынок;Комментарий
2024-09-01;bpmn;18.6;1173;Беларусь;
2024-10-01;bpmn;35.25;1418;Беларусь;
2024-11-01;bpmn;12;1391;Беларусь;
2024-12-01;bpmn;0;1405;Беларусь;GT: недостаточно данных для этой недели/месяца
2025-01-01;bpmn;22.5;1210;Беларусь;
2025-02-01;bpmn;25.25;1232;Беларусь;
2025-03-01;bpmn;68;1307;Беларусь;
2025-04-01;bpmn;28.75;1724;Беларусь;
2025-05-01;bpmn;15.75;1560;Беларусь;
2025-06-01;bpmn;25.4;1203;Беларусь;
2025-07-01;bpmn;0;898;Беларусь;GT: недостаточно данных для этой недели/месяца
2025-08-01;bpmn;0;755;Беларусь;GT: недостаточно данных для этой недели/месяца
2025-09-01;bpmn;0;781;Беларусь;GT: недостаточно данных для этой недели/месяца
2025-10-01;bpmn;41.25;925;Беларусь;
2025-11-01;bpmn;13.8;866;Беларусь;
2025-12-01;bpmn;11;879;Беларусь;
2026-01-01;bpmn;12;483;Беларусь;
2026-02-01;bpmn;44.5;473;Беларусь;
2026-03-01;bpmn;0;701;Беларусь;GT: недостаточно данных для этой недели/месяца
2026-04-01;bpmn;11.5;693;Беларусь;
2026-05-01;bpmn;0;974;Беларусь;GT: недостаточно данных для этой недели/месяца
2026-06-01;bpmn;0;591;Беларусь;GT: недостаточно данных для этой недели/месяца
2026-07-01;bpmn;0;460;Беларусь;GT: недостаточно данных для этой недели/месяца
2026-08-01;bpmn;0;708;Беларусь;GT: недостаточно данных для этой недели/месяца
