query;intent;source;freq;cpc;ppc;seo;top;advertisers;ads;comment
uml;информационный;Вордстат, Беларусь, все устройства, 29.08.2026-27.09.2026 (снято 30.09.2026);652;;;;;;;🔲 ДОСНЯТЬ: CPC и конкурентность PPC (Keyword Planner или Яндекс Директ - нужен рекламный аккаунт), SEO difficulty, топ-10 выдачи (Яндекс: капча), объявления
bpmn;информационный;Вордстат, Беларусь, все устройства, 29.08.2026-27.09.2026 (снято 30.09.2026);473;;;;;;;🔲 ДОСНЯТЬ: CPC и конкурентность PPC (Keyword Planner или Яндекс Директ - нужен рекламный аккаунт), SEO difficulty, топ-10 выдачи (Яндекс: капча), объявления
plantuml;брендовый;Вордстат, Беларусь, все устройства, 29.08.2026-27.09.2026 (снято 30.09.2026);200;1.24;;;;;;"CPC 1,24 USD - Similarweb через ЛР2-3, табл. 26 (весь мир, desktop, 30.09.2026), не Беларусь; 🔲 ДОСНЯТЬ: CPC и конкурентность PPC (Keyword Planner или Яндекс Директ - нужен рекламный аккаунт), SEO difficulty, топ-10 выдачи (Яндекс: капча), объявления"
idef0;информационный;Вордстат, Беларусь, все устройства, 29.08.2026-27.09.2026 (снято 30.09.2026);101;;;;;;;🔲 ДОСНЯТЬ: CPC и конкурентность PPC (Keyword Planner или Яндекс Директ - нужен рекламный аккаунт), SEO difficulty, топ-10 выдачи (Яндекс: капча), объявления
dfd диаграмма;информационный;Вордстат, Беларусь, все устройства, 29.08.2026-27.09.2026 (снято 30.09.2026);28;;;;;;;🔲 ДОСНЯТЬ: CPC и конкурентность PPC (Keyword Planner или Яндекс Директ - нужен рекламный аккаунт), SEO difficulty, топ-10 выдачи (Яндекс: капча), объявления
erd диаграмма;информационный;Вордстат, Беларусь, все устройства, 29.08.2026-27.09.2026 (снято 30.09.2026);25;;;;;;;🔲 ДОСНЯТЬ: CPC и конкурентность PPC (Keyword Planner или Яндекс Директ - нужен рекламный аккаунт), SEO difficulty, топ-10 выдачи (Яндекс: капча), объявления
сеть петри;информационный;Вордстат, Беларусь, все устройства, 29.08.2026-27.09.2026 (снято 30.09.2026);16;;;;;;;🔲 ДОСНЯТЬ: CPC и конкурентность PPC (Keyword Planner или Яндекс Директ - нужен рекламный аккаунт), SEO difficulty, топ-10 выдачи (Яндекс: капча), объявления
конструктор диаграмм онлайн;инструментальный;Вордстат, Беларусь, все устройства, 29.08.2026-27.09.2026 (снято 30.09.2026);6;;;;;;;🔲 ДОСНЯТЬ: CPC и конкурентность PPC (Keyword Planner или Яндекс Директ - нужен рекламный аккаунт), SEO difficulty, топ-10 выдачи (Яндекс: капча), объявления
нейросеть схема;инструментальный;Вордстат, Беларусь, все устройства, 29.08.2026-27.09.2026 (снято 30.09.2026);81;;;;;;;🔲 ДОСНЯТЬ: CPC и конкурентность PPC (Keyword Planner или Яндекс Директ - нужен рекламный аккаунт), SEO difficulty, топ-10 выдачи (Яндекс: капча), объявления
нейросеть диаграмма;инструментальный;Вордстат, Беларусь, все устройства, 29.08.2026-27.09.2026 (снято 30.09.2026);28;;;;;;;🔲 ДОСНЯТЬ: CPC и конкурентность PPC (Keyword Planner или Яндекс Директ - нужен рекламный аккаунт), SEO difficulty, топ-10 выдачи (Яндекс: капча), объявления
