site;g2;g2_n;capterra;capterra_n;trustpilot;trustpilot_n;google_rating;google_n;cases;age;comment
plantuml.com;;;;;;;;;;15.8;"возраст: возраст домена по RDAP (верхняя оценка возраста бренда); Capterra 🔲 ДОСНЯТЬ (переход отклонён); кейсы на сайте 🔲 ДОСНЯТЬ; Trustpilot: профиль не найден; G2 🔲 ДОСНЯТЬ (карточка не найдена по адресу-предположению)"
mermaid.js.org;;;;;;;;;;11.9;"возраст: дата создания репозитория mermaid-js/mermaid (GitHub); Capterra 🔲 ДОСНЯТЬ (переход отклонён); кейсы на сайте 🔲 ДОСНЯТЬ; Trustpilot: профиль не найден; G2 🔲 ДОСНЯТЬ (карточка не найдена по адресу-предположению)"
mermaidchart.com;4.8;16;;;3.5;3;;;;4.3;"возраст: возраст домена по RDAP (верхняя оценка возраста бренда); Capterra 🔲 ДОСНЯТЬ (переход отклонён); кейсы на сайте 🔲 ДОСНЯТЬ"
d2lang.com;;;;;;;;;;3.9;"возраст: возраст домена по RDAP (верхняя оценка возраста бренда); Capterra 🔲 ДОСНЯТЬ (переход отклонён); кейсы на сайте 🔲 ДОСНЯТЬ; Trustpilot: профиль не найден; G2 🔲 ДОСНЯТЬ (карточка не найдена по адресу-предположению)"
kroki.io;;;;;;;;;;7.7;"возраст: возраст домена по RDAP (верхняя оценка возраста бренда); Capterra 🔲 ДОСНЯТЬ (переход отклонён); кейсы на сайте 🔲 ДОСНЯТЬ; Trustpilot: профиль не найден; G2 🔲 ДОСНЯТЬ (карточка не найдена по адресу-предположению)"
planttext.com;;;;;;;;;;12.8;"возраст: возраст домена по RDAP (верхняя оценка возраста бренда); Capterra 🔲 ДОСНЯТЬ (переход отклонён); кейсы на сайте 🔲 ДОСНЯТЬ; Trustpilot: профиль не найден; G2 🔲 ДОСНЯТЬ (карточка не найдена по адресу-предположению)"
staruml.io;;;;;;;;;;13.2;"возраст: возраст домена по RDAP (верхняя оценка возраста бренда); Capterra 🔲 ДОСНЯТЬ (переход отклонён); кейсы на сайте 🔲 ДОСНЯТЬ; Trustpilot: профиль не найден; G2 🔲 ДОСНЯТЬ (карточка не найдена по адресу-предположению)"
visual-paradigm.com;;;;;3.5;2;;;;25.3;"возраст: возраст домена по RDAP (верхняя оценка возраста бренда); Capterra 🔲 ДОСНЯТЬ (переход отклонён); кейсы на сайте 🔲 ДОСНЯТЬ; G2 🔲 ДОСНЯТЬ (карточка не найдена по адресу-предположению)"
sparxsystems.com;;;;;;0;;;;24.2;"возраст: возраст домена по RDAP (верхняя оценка возраста бренда); Capterra 🔲 ДОСНЯТЬ (переход отклонён); кейсы на сайте 🔲 ДОСНЯТЬ; G2 🔲 ДОСНЯТЬ (карточка не найдена по адресу-предположению); Trustpilot: профиль без отзывов (0)"
bpmn.io;;;;;;;;;;12.7;"возраст: возраст домена по RDAP (верхняя оценка возраста бренда); Capterra 🔲 ДОСНЯТЬ (переход отклонён); кейсы на сайте 🔲 ДОСНЯТЬ; Trustpilot: профиль не найден; G2 🔲 ДОСНЯТЬ (карточка не найдена по адресу-предположению)"
stormbpmn.com;;;;;;;;;;4.5;"возраст: возраст домена по RDAP (верхняя оценка возраста бренда); Capterra 🔲 ДОСНЯТЬ (переход отклонён); кейсы на сайте 🔲 ДОСНЯТЬ; Trustpilot: профиль не найден; G2 🔲 ДОСНЯТЬ (карточка не найдена по адресу-предположению)"
app.diagrams.net;;;;;3.8;2;;;;16.5;"возраст: возраст домена по RDAP (верхняя оценка возраста бренда); Capterra 🔲 ДОСНЯТЬ (переход отклонён); кейсы на сайте 🔲 ДОСНЯТЬ; Trustpilot: профиль diagrams.net (у draw.io отдельный профиль: 3,4 / 11); G2 🔲 ДОСНЯТЬ (карточка не найдена по адресу-предположению)"
lucidchart.com;4.5;8988;;;1.5;116;;;;18.0;"возраст: возраст домена по RDAP (верхняя оценка возраста бренда); Capterra 🔲 ДОСНЯТЬ (переход отклонён); кейсы на сайте 🔲 ДОСНЯТЬ"
creately.com;;;;;1.9;58;;;;18.2;"возраст: возраст домена по RDAP (верхняя оценка возраста бренда); Capterra 🔲 ДОСНЯТЬ (переход отклонён); кейсы на сайте 🔲 ДОСНЯТЬ; G2 🔲 ДОСНЯТЬ (карточка не найдена по адресу-предположению)"
miro.com;4.6;13583;;;2.1;155;;;;31.1;"возраст: возраст домена по RDAP (верхняя оценка возраста бренда); Capterra 🔲 ДОСНЯТЬ (переход отклонён); кейсы на сайте 🔲 ДОСНЯТЬ"
excalidraw.com;;;;;;;;;;6.7;"возраст: возраст домена по RDAP (верхняя оценка возраста бренда); Capterra 🔲 ДОСНЯТЬ (переход отклонён); кейсы на сайте 🔲 ДОСНЯТЬ; Trustpilot: профиль не найден; G2 🔲 ДОСНЯТЬ (карточка не найдена по адресу-предположению)"
dbdiagram.io;;;;;;;;;;8.1;"возраст: возраст домена по RDAP (верхняя оценка возраста бренда); Capterra 🔲 ДОСНЯТЬ (переход отклонён); кейсы на сайте 🔲 ДОСНЯТЬ; Trustpilot: профиль не найден; G2 🔲 ДОСНЯТЬ (карточка не найдена по адресу-предположению)"
drawsql.app;;;;;;;;;;8.4;"возраст: возраст домена по RDAP (верхняя оценка возраста бренда); Capterra 🔲 ДОСНЯТЬ (переход отклонён); кейсы на сайте 🔲 ДОСНЯТЬ; Trustpilot: профиль не найден; G2 🔲 ДОСНЯТЬ (карточка не найдена по адресу-предположению)"
eraser.io;;;;;;;;;;12.0;"возраст: возраст домена по RDAP (верхняя оценка возраста бренда); Capterra 🔲 ДОСНЯТЬ (переход отклонён); кейсы на сайте 🔲 ДОСНЯТЬ; Trustpilot: профиль не найден; G2 🔲 ДОСНЯТЬ (карточка не найдена по адресу-предположению)"
