id,возраст,курс,знают_notacode,пользуются_инструментами,инструмент_1,инструмент_2,заплатили_бы_за_диаграммы,макс_цена_руб,знакомы_с_mermaid,сложность_mermaid_1_5,важна_онлайн_коллаборация,важен_экспорт_png,важен_экспорт_svg,комментарий
1,18,1,нет,да,draw.io,,нет,,нет,2,да,да,нет,используем draw.io на парах
2,18,1,нет,да,ручки на бумаге,Google Drawings,нет,,да,2,да,да,да,нормально рисует
3,19,1,да,да,NotaCode,draw.io,да,500,да,3,да,да,да,NotaCode удобный
4,18,1,нет,да,Google Drawings,,нет,,нет,1,да,да,нет,бесплатно хватает
5,19,2,да,да,NotaCode,,да,800,да,3,да,да,да,лучше всех видел
6,19,2,да,да,Mermaid,draw.io,да,600,да,4,да,да,да,Mermaid мощный но сложный
7,20,2,нет,да,draw.io,lucidchart,нет,,да,2,да,да,нет,
8,19,2,да,да,NotaCode,,да,700,нет,3,да,да,да,простой в использовании
9,20,2,нет,да,PlantUML,,да,400,да,4,нет,да,да,
10,21,3,да,да,NotaCode,Mermaid,да,900,да,3,да,да,да,оба хорошие
11,20,3,да,да,draw.io,,да,500,нет,2,да,да,нет,платил бы за версию
12,21,3,нет,да,Mermaid,draw.io,нет,,да,3,да,да,да,Mermaid сложноват
13,20,3,да,да,NotaCode,,да,1000,да,3,да,да,да,лучше Figma
14,21,3,нет,да,Google Drawings,,нет,,нет,1,да,да,нет,
15,22,3,да,да,lucidchart,,да,800,нет,2,да,да,да,коллаборация важна
16,21,4,да,да,NotaCode,Mermaid,да,1200,да,4,да,да,да,про NotaCode узнал недавно
17,22,4,да,да,draw.io,,да,600,да,3,да,да,нет,неплохо работает
18,21,4,нет,нет,,,нет,,нет,1,да,да,нет,ничего не использую
19,22,4,да,да,NotaCode,,да,900,да,4,да,да,да,отличный инструмент
20,20,4,да,да,Mermaid,draw.io,да,700,да,3,да,да,да,
21,22,4,нет,да,Google Drawings,,нет,,нет,1,да,да,нет,бесплатное
22,19,2,да,да,NotaCode,,да,1500,нет,2,да,да,да,не нужно платить вообще
23,20,3,да,да,NotaCode,PlantUML,да,550,да,3,да,да,да,хорошая коллаборация
24,21,2,нет,да,draw.io,Mermaid,нет,,да,2,да,да,да,draw.io стандарт
25,22,1,да,да,NotaCode,,да,800,нет,2,да,да,да,простой для новичка
26,19,4,да,да,lucidchart,,да,0,да,3,да,да,нет,нужна бесплатная версия
27,20,3,нет,да,Mermaid,,да,650,да,4,да,да,да,мощно но крутая кривая обучения
