include;site;type;visits;geo;dur;pages;bounce;direct;organic;paid;social;referral;display;brand_search;comment
1;plantuml.com;цифровой сервис;739657.0;1;240;3.32;0.4561;0.3811;0.4725;;0.0363;0.0591;0.0007;0.429975;"email 0.60 %; genai 4.42 %; Similarweb PRO 30.09.2026, Jun-Aug 2026, весь мир; доля Беларуси недоступна, основной расчёт по мировым визитам (geo = 100 %)"
1;mermaid.js.org;цифровой сервис;442646.0;1;63;1.86;0.6857;0.2218;0.5856;0.0001;0.0125;0.165;0.0004;;"email 0.22 %; genai 1.23 %; Similarweb PRO 30.09.2026, Jun-Aug 2026, весь мир; доля Беларуси недоступна, основной расчёт по мировым визитам (geo = 100 %); брендовый поиск: нет данных"
1;mermaidchart.com;цифровой сервис;2535.0;1;2;1.14;0.5068;0.3997;0.3254;0.0162;0.0682;0.1032;0.0307;0.0;"email 2.52 %; genai 1.62 %; Similarweb PRO 30.09.2026, Jun-Aug 2026, весь мир; доля Беларуси недоступна, основной расчёт по мировым визитам (geo = 100 %); резкое падение трафика к прошлому месяцу, возможна смена домена"
1;d2lang.com;цифровой сервис;61003.0;1;83;3.14;0.3795;0.3144;0.4137;;0.0422;0.1472;;0.037233;"email 2.28 %; genai 5.97 %; Similarweb PRO 30.09.2026, Jun-Aug 2026, весь мир; доля Беларуси недоступна, основной расчёт по мировым визитам (geo = 100 %)"
1;kroki.io;другое;33398.0;1;37;1.72;0.4214;0.5099;0.2562;0.0008;0.0119;0.1558;0.0014;0.25186;"email 0.43 %; genai 5.90 %; Similarweb PRO 30.09.2026, Jun-Aug 2026, весь мир; доля Беларуси недоступна, основной расчёт по мировым визитам (geo = 100 %)"
1;planttext.com;цифровой сервис;339451.0;1;163;2.74;0.4557;0.4352;0.423;;0.0152;0.0564;0.001;0.07614;"email 0.31 %; genai 6.61 %; Similarweb PRO 30.09.2026, Jun-Aug 2026, весь мир; доля Беларуси недоступна, основной расчёт по мировым визитам (geo = 100 %)"
1;staruml.io;другое;107631.0;1;29;1.78;0.4301;0.1505;0.7834;0.0001;0.0106;0.0346;0.0014;0.697315;"email 0.16 %; genai 1.78 %; Similarweb PRO 30.09.2026, Jun-Aug 2026, весь мир; доля Беларуси недоступна, основной расчёт по мировым визитам (geo = 100 %)"
1;visual-paradigm.com;цифровой сервис;1516000.0;1;98;2.52;0.4874;0.2292;0.6731;0.0002;0.0277;0.0478;0.0006;0.074063;"email 0.60 %; genai 1.52 %; Similarweb PRO 30.09.2026, Jun-Aug 2026, весь мир; доля Беларуси недоступна, основной расчёт по мировым визитам (geo = 100 %)"
1;sparxsystems.com;другое;149507.0;1;57;2.05;0.4252;0.2743;0.5822;0.0148;0.0313;0.0795;;0.12537;"email 0.30 %; genai 1.49 %; Similarweb PRO 30.09.2026, Jun-Aug 2026, весь мир; доля Беларуси недоступна, основной расчёт по мировым визитам (geo = 100 %)"
1;bpmn.io;другое;199080.0;1;94;2.00;0.3964;0.552;0.3518;;0.0166;0.0411;0.0005;0.309584;"email 1.26 %; genai 2.53 %; Similarweb PRO 30.09.2026, Jun-Aug 2026, весь мир; доля Беларуси недоступна, основной расчёт по мировым визитам (geo = 100 %)"
1;stormbpmn.com;платформа услуг;92936.0;1;231;5.25;0.415;0.5733;0.2091;0.0132;0.0319;0.1072;0.0101;0.026676;"email 3.78 %; genai 1.74 %; Similarweb PRO 30.09.2026, Jun-Aug 2026, весь мир; доля Беларуси недоступна, основной расчёт по мировым визитам (geo = 100 %); справочно: Беларусь 2,49 % трафика (пятая страна)"
1;app.diagrams.net;цифровой сервис;8497000.0;1;226;3.19;0.5472;0.6839;0.1396;0.0002;0.0212;0.0972;0.0193;;"email 1.19 %; genai 2.68 %; Similarweb PRO 30.09.2026, Jun-Aug 2026, весь мир; доля Беларуси недоступна, основной расчёт по мировым визитам (geo = 100 %); брендовый поиск: нет данных"
1;lucidchart.com;цифровой сервис;703574.0;1;31;1.41;0.6549;0.1133;0.5595;0.2255;0.0156;0.0271;0.036;0.5652;"email 0.20 %; genai 2.10 %; Similarweb PRO 30.09.2026, Jun-Aug 2026, весь мир; доля Беларуси недоступна, основной расчёт по мировым визитам (geo = 100 %); резкое падение трафика к прошлому месяцу, возможна смена домена"
1;creately.com;цифровой сервис;784067.0;1;138;8.57;0.4298;0.1905;0.7318;0.0071;0.022;0.0276;0.0012;0.036945;"email 0.27 %; genai 1.64 %; Similarweb PRO 30.09.2026, Jun-Aug 2026, весь мир; доля Беларуси недоступна, основной расчёт по мировым визитам (geo = 100 %)"
1;miro.com;платформа услуг;27510000.0;1;200;2.97;0.5003;0.6572;0.122;0.0065;0.0853;0.0784;0.0041;0.096375;"email 3.43 %; genai 1.19 %; Similarweb PRO 30.09.2026, Jun-Aug 2026, весь мир; доля Беларуси недоступна, основной расчёт по мировым визитам (geo = 100 %)"
1;excalidraw.com;цифровой сервис;4253000.0;1;75;2.01;0.7107;0.6606;0.2378;0.0005;0.0304;0.0333;0.0015;0.216853;"email 1.41 %; genai 2.17 %; Similarweb PRO 30.09.2026, Jun-Aug 2026, весь мир; доля Беларуси недоступна, основной расчёт по мировым визитам (geo = 100 %)"
1;dbdiagram.io;цифровой сервис;655207.0;1;194;2.68;0.4682;0.6173;0.1878;0.0002;0.0544;0.0706;0.0026;0.1034;"email 1.52 %; genai 5.18 %; Similarweb PRO 30.09.2026, Jun-Aug 2026, весь мир; доля Беларуси недоступна, основной расчёт по мировым визитам (geo = 100 %)"
1;drawsql.app;цифровой сервис;123677.0;1;79;2.52;0.4295;;;;;;;;"Similarweb PRO 30.09.2026, Jun-Aug 2026, весь мир; доля Беларуси недоступна, основной расчёт по мировым визитам (geo = 100 %); каналы и география: недостаточно данных; брендовый поиск: нет данных"
1;eraser.io;цифровой сервис;727666.7;1;;;;;;;;;;;"Similarweb PRO 30.09.2026, Jun-Aug 2026, весь мир; доля Беларуси недоступна, основной расчёт по мировым визитам (geo = 100 %); визиты = 3-месячное значение / 3 (сравнение на странице plantuml.com); каналы и вовлечённость не показаны; брендовый поиск: нет данных"
0;camunda.com;другое;;;;;;;;;;;;;не прошёл проверку релевантности: главная страница - платформа оркестрации процессов, трафик домена не отражает редактор Modeler
