site;fund;staff;stack;crm;app;cabinet;ads;jobs;assets;comment
plantuml.com;;;;;;;;;;"🔲 ДОСНЯТЬ: финансирование (Crunchbase - проверка Cloudflare), сотрудники (LinkedIn - вход), вакансии, реклама, стек/CRM (BuiltWith, Wappalyzer не использовались), приложение/кабинет, патенты; GitHub 30.09.2026: plantuml/plantuml: 13 346 звёзд"
mermaid.js.org;;;;;;;;;;"🔲 ДОСНЯТЬ: финансирование (Crunchbase - проверка Cloudflare), сотрудники (LinkedIn - вход), вакансии, реклама, стек/CRM (BuiltWith, Wappalyzer не использовались), приложение/кабинет, патенты; GitHub 30.09.2026: mermaid-js/mermaid: 90 489 звёзд"
mermaidchart.com;;;;;;;;;;🔲 ДОСНЯТЬ: финансирование (Crunchbase - проверка Cloudflare), сотрудники (LinkedIn - вход), вакансии, реклама, стек/CRM (BuiltWith, Wappalyzer не использовались), приложение/кабинет, патенты
d2lang.com;;;;;;;;;;"🔲 ДОСНЯТЬ: финансирование (Crunchbase - проверка Cloudflare), сотрудники (LinkedIn - вход), вакансии, реклама, стек/CRM (BuiltWith, Wappalyzer не использовались), приложение/кабинет, патенты; GitHub 30.09.2026: terrastruct/d2 (d2lang/d2): 25 544 звезды"
kroki.io;;;;;;;;;;"🔲 ДОСНЯТЬ: финансирование (Crunchbase - проверка Cloudflare), сотрудники (LinkedIn - вход), вакансии, реклама, стек/CRM (BuiltWith, Wappalyzer не использовались), приложение/кабинет, патенты; GitHub 30.09.2026: yuzutech/kroki: 4 351 звезда"
planttext.com;;;;;;;;;;🔲 ДОСНЯТЬ: финансирование (Crunchbase - проверка Cloudflare), сотрудники (LinkedIn - вход), вакансии, реклама, стек/CRM (BuiltWith, Wappalyzer не использовались), приложение/кабинет, патенты
staruml.io;;;;;;;;;;🔲 ДОСНЯТЬ: финансирование (Crunchbase - проверка Cloudflare), сотрудники (LinkedIn - вход), вакансии, реклама, стек/CRM (BuiltWith, Wappalyzer не использовались), приложение/кабинет, патенты
visual-paradigm.com;;;;;;;;;;🔲 ДОСНЯТЬ: финансирование (Crunchbase - проверка Cloudflare), сотрудники (LinkedIn - вход), вакансии, реклама, стек/CRM (BuiltWith, Wappalyzer не использовались), приложение/кабинет, патенты
sparxsystems.com;;;;;;;;;;🔲 ДОСНЯТЬ: финансирование (Crunchbase - проверка Cloudflare), сотрудники (LinkedIn - вход), вакансии, реклама, стек/CRM (BuiltWith, Wappalyzer не использовались), приложение/кабинет, патенты
bpmn.io;;;;;;;;;;"🔲 ДОСНЯТЬ: финансирование (Crunchbase - проверка Cloudflare), сотрудники (LinkedIn - вход), вакансии, реклама, стек/CRM (BuiltWith, Wappalyzer не использовались), приложение/кабинет, патенты; GitHub 30.09.2026: bpmn-io/bpmn-js: 9 675 звёзд"
stormbpmn.com;;;;;;;;;;🔲 ДОСНЯТЬ: финансирование (Crunchbase - проверка Cloudflare), сотрудники (LinkedIn - вход), вакансии, реклама, стек/CRM (BuiltWith, Wappalyzer не использовались), приложение/кабинет, патенты
app.diagrams.net;;;;;;;;;;"🔲 ДОСНЯТЬ: финансирование (Crunchbase - проверка Cloudflare), сотрудники (LinkedIn - вход), вакансии, реклама, стек/CRM (BuiltWith, Wappalyzer не использовались), приложение/кабинет, патенты; GitHub 30.09.2026: jgraph/drawio: 8 502 звезды; jgraph/drawio-desktop: 63 351 звезда"
lucidchart.com;;;;;;;;;;🔲 ДОСНЯТЬ: финансирование (Crunchbase - проверка Cloudflare), сотрудники (LinkedIn - вход), вакансии, реклама, стек/CRM (BuiltWith, Wappalyzer не использовались), приложение/кабинет, патенты
creately.com;;;;;;;;;;🔲 ДОСНЯТЬ: финансирование (Crunchbase - проверка Cloudflare), сотрудники (LinkedIn - вход), вакансии, реклама, стек/CRM (BuiltWith, Wappalyzer не использовались), приложение/кабинет, патенты
miro.com;;;;;;;;;;🔲 ДОСНЯТЬ: финансирование (Crunchbase - проверка Cloudflare), сотрудники (LinkedIn - вход), вакансии, реклама, стек/CRM (BuiltWith, Wappalyzer не использовались), приложение/кабинет, патенты
excalidraw.com;;;;;;;;;;"🔲 ДОСНЯТЬ: финансирование (Crunchbase - проверка Cloudflare), сотрудники (LinkedIn - вход), вакансии, реклама, стек/CRM (BuiltWith, Wappalyzer не использовались), приложение/кабинет, патенты; GitHub 30.09.2026: excalidraw/excalidraw: 133 301 звезда"
dbdiagram.io;;;;;;;;;;🔲 ДОСНЯТЬ: финансирование (Crunchbase - проверка Cloudflare), сотрудники (LinkedIn - вход), вакансии, реклама, стек/CRM (BuiltWith, Wappalyzer не использовались), приложение/кабинет, патенты
drawsql.app;;;;;;;;;;🔲 ДОСНЯТЬ: финансирование (Crunchbase - проверка Cloudflare), сотрудники (LinkedIn - вход), вакансии, реклама, стек/CRM (BuiltWith, Wappalyzer не использовались), приложение/кабинет, патенты
eraser.io;;;;;;;;;;🔲 ДОСНЯТЬ: финансирование (Crunchbase - проверка Cloudflare), сотрудники (LinkedIn - вход), вакансии, реклама, стек/CRM (BuiltWith, Wappalyzer не использовались), приложение/кабинет, патенты
