week_start;UML;BPMN;PlantUML;IDEF0;is_partial
2025-09-28;0;0;0;0;0
2025-10-05;0;70;0;0;0
2025-10-12;58;51;0;0;0
2025-10-19;0;0;0;0;0
2025-10-26;53;71;0;0;0
2025-11-02;0;0;0;0;0
2025-11-09;0;0;0;0;0
2025-11-16;0;0;0;0;0
2025-11-23;0;0;0;0;0
2025-11-30;91;82;0;0;0
2025-12-07;100;0;68;0;0
2025-12-14;99;52;54;0;0
2025-12-21;69;0;0;0;0
2025-12-28;0;0;0;0;0
2026-01-04;0;0;0;0;0
2026-01-11;0;0;0;0;0
2026-01-18;0;57;0;0;0
2026-01-25;0;0;0;0;0
2026-02-01;59;54;0;0;0
2026-02-08;49;54;0;0;0
2026-02-15;0;46;0;0;0
2026-02-22;0;54;0;0;0
2026-03-01;0;0;0;0;0
2026-03-08;0;0;0;0;0
2026-03-15;0;0;0;0;0
2026-03-22;57;0;0;0;0
2026-03-29;0;0;0;0;0
2026-04-05;75;0;49;0;0
2026-04-12;0;54;0;0;0
2026-04-19;0;0;0;0;0
2026-04-26;0;0;0;57;0
2026-05-03;0;0;0;0;0
2026-05-10;0;0;0;0;0
2026-05-17;0;0;0;0;0
2026-05-24;0;0;0;0;0
2026-05-31;0;0;0;0;0
2026-06-07;0;0;0;0;0
2026-06-14;0;0;0;0;0
2026-06-21;0;0;0;0;0
2026-06-28;0;0;0;0;0
2026-07-05;0;0;0;0;0
2026-07-12;0;0;0;0;0
2026-07-19;0;0;0;0;0
2026-07-26;0;0;0;0;0
2026-08-02;0;0;0;0;0
2026-08-09;0;0;0;0;0
2026-08-16;0;0;0;0;0
2026-08-23;0;0;0;0;0
2026-08-30;0;0;0;0;0
2026-09-06;0;0;0;0;0
2026-09-13;10;14;6;5;0
2026-09-20;25;24;15;7;0
2026-09-27;21;13;9;0;1
