domain;visits_aug_2026;authority_score;in_semrush_public_index;comment
miro.com;30640000;74;yes;Global Rank 1513; страница 'Last updated: September 17, 2026'
diagrams.net;8110000;61;yes;Global Rank 7011
excalidraw.com;5120000;54;yes;
visual-paradigm.com;1500000;60;yes;
eraser.io;691130;47;yes;
creately.com;683210;58;yes;
planttext.com;209920;39;yes;
draw.io;185840;44;yes;отдельный домен draw.io (не app.diagrams.net)
bpmn.io;129980;39;yes;
plantuml.com;;;no;страница отсутствует в публичном индексе
mermaid.js.org;;;no;страница отсутствует в публичном индексе
mermaidchart.com;;;no;страница отсутствует в публичном индексе
d2lang.com;;;no;страница отсутствует в публичном индексе
kroki.io;;;no;страница отсутствует в публичном индексе
staruml.io;;;no;страница отсутствует в публичном индексе
sparxsystems.com;;;no;страница отсутствует в публичном индексе
camunda.com;;;no;страница отсутствует в публичном индексе (при повторной проверке не загрузилась)
stormbpmn.com;;;no;страница отсутствует в публичном индексе
lucidchart.com;;;no;страница отсутствует в публичном индексе
dbdiagram.io;;;no;страница отсутствует в публичном индексе
drawsql.app;;;no;страница отсутствует в публичном индексе
drawio.com;;;no;страница отсутствует в публичном индексе
