domain;snapshot;period;scope;total_visits_3m;monthly_visits;unique_monthly;duration;pages_visit;bounce_pct;desktop_pct;global_rank;top_countries_share;direct_pct;organic_pct;paid_search_pct;referral_pct;display_pct;social_org_pct;social_paid_pct;genai_pct;email_pct;branded_pct_aug;comment
plantuml.com;2026-09-30;Jun-Aug 2026;Worldwide;2218000;739657;325279;00:04:00;3.32;45.61;75.81;93517;RU 9.21/ID 6.08/DE 5.61/JP 5.43/US 3.66;38.11;47.25;N/A;5.91;0.07;3.62;0.01;4.42;0.60;91;Country rank Russia 24334; industry rank 1908
mermaid.js.org;2026-09-30;Jun-Aug 2026;Worldwide;1327000;442646;288229;00:01:03;1.86;68.57;87.91;-;US 10.22/CN 9.02/IN 7.28/DE 5.97/ID 3.44;22.18;58.56;0.01;16.50;0.04;1.25;N/A;1.23;0.22;нет данных;
mermaidchart.com;2026-09-30;Jun-Aug 2026;Worldwide;7604;2535;1374;00:00:02;1.14;50.68;48.29;-;US 31.90/UK 18.54/JP 11.84/VN 8.67/EG 7.45;39.97;32.54;1.62;10.32;3.07;6.05;0.77;1.62;2.52;0;affiliates 1.50; трафик -82.22% к прошлому месяцу; вероятно сервис перенесён на mermaid.ai
d2lang.com;2026-09-30;Jun-Aug 2026;Worldwide;183008;61003;29798;00:01:23;3.14;37.95;47.75;549503;US 13.10/IN 9.79/KR 7.63/CA 5.71/VN 4.49;31.44;41.37;N/A;14.72;;3.96;0.26;5.97;2.28;9;industry rank 10948
kroki.io;2026-09-30;Jun-Aug 2026;Worldwide;100193;33398;17799;00:00:37;1.72;42.14;44.36;1508081;US 17.16/SE 8.29/IN 7.63/IL 5.36/ID 5.30;50.99;25.62;0.08;15.58;0.14;1.16;0.03;5.90;0.43;98;affiliates 0.07; industry rank 24301
planttext.com;2026-09-30;Jun-Aug 2026;Worldwide;1018000;339451;140856;00:02:43;2.74;45.57;63.14;126888;ID 18.62/BO 6.76/VN 5.15/MA 4.05/DE 3.81;43.52;42.30;N/A;5.64;0.10;1.49;0.03;6.61;0.31;18;Country rank Indonesia 10197; industry rank 2625
staruml.io;2026-09-30;Jun-Aug 2026;Worldwide;322892;107631;57431;00:00:29;1.78;43.01;52.97;482641;ID 9.97/IN 6.51/PE 5.55/VN 5.53/CO 4.80;15.05;78.34;0.01;3.46;0.14;1.06;0.00;1.78;0.16;89;affiliates 0.01; industry rank 9785
visual-paradigm.com;2026-09-30;Jun-Aug 2026;Worldwide;4549000;1516000;863503;00:01:38;2.52;48.74;67.35;43574;IN 10.11/ID 9.45/RU 6.98/TW 6.56/US 5.16;22.92;67.31;0.02;4.78;0.06;2.71;0.06;1.52;0.60;11;affiliates 0.01; industry rank 922
sparxsystems.com;2026-09-30;Jun-Aug 2026;Worldwide;448521;149507;72694;00:00:57;2.05;42.52;47.35;296371;ID 8.66/DE 6.39/US 4.96/IN 4.66/RU 3.85;27.43;58.22;1.48;7.95;;3.13;N/A;1.49;0.30;21;industry rank 6147
bpmn.io;2026-09-30;Jun-Aug 2026;Worldwide;597241;199080;93487;00:01:34;2.00;39.64;62.79;257721;BR 8.46/DE 7.55/ID 6.73/RU 6.39/US 4.94;55.20;35.18;N/A;4.11;0.05;1.52;0.14;2.53;1.26;88;industry rank 5344
stormbpmn.com;2026-09-30;Jun-Aug 2026;Worldwide;278809;92936;34305;00:03:51;5.25;41.50;62.39;340447;RU 62.99/US 13.29/DE 5.93/UZ 3.09/BY 2.49;57.33;20.91;1.32;10.72;1.01;2.59;0.60;1.74;3.78;12;Беларусь в пятёрке стран: 2.49% трафика (изменение +12.07%); affiliates 0.00; industry rank 7019
app.diagrams.net;2026-09-30;Jun-Aug 2026;Worldwide;25490000;8497000;3175000;00:03:46;3.19;54.72;90.00;-;US 9.85/ID 8.06/IN 6.92/CN 4.68/RU 4.42;68.39;13.96;0.02;9.72;1.93;2.07;0.05;2.68;1.19;нет данных;affiliates 0.00
lucidchart.com;2026-09-30;Jun-Aug 2026;Worldwide;2110000;703574;473804;00:00:31;1.41;65.49;65.28;526557;US 13.20/MX 5.67/BR 4.27/IN 3.74/CO 3.54;11.33;55.95;22.55;2.71;3.60;1.34;0.22;2.10;0.20;72;affiliates 0.02; трафик -75.32% к прошлому месяцу (возможна смена домена на lucid.app); industry rank 10537
creately.com;2026-09-30;Jun-Aug 2026;Worldwide;2352000;784067;493655;00:02:18;8.57;42.98;63.91;-;US 13.96/IN 6.00/PH 5.20/ID 4.18/MX 3.73;19.05;73.18;0.71;2.76;0.12;2.15;0.05;1.64;0.27;5;affiliates 0.07
miro.com;2026-09-30;Jun-Aug 2026;Worldwide;82550000;27510000;6161000;00:03:20;2.97;50.03;92.12;2257;US 14.94/RU 9.79/DE 6.80/UK 5.82/BR 5.29;65.72;12.20;0.65;7.84;0.41;8.32;0.21;1.19;3.43;75;affiliates 0.02; industry rank 72
excalidraw.com;2026-09-30;Jun-Aug 2026;Worldwide;12760000;4253000;1524000;00:01:15;2.01;71.07;85.42;17856;IN 16.03/US 14.83/CN 5.43/ID 3.71/DE 3.31;66.06;23.78;0.05;3.33;0.15;2.98;0.06;2.17;1.41;91;affiliates 0.00; industry rank 395
dbdiagram.io;2026-09-30;Jun-Aug 2026;Worldwide;1965000;655207;245988;00:03:14;2.68;46.82;73.62;94773;IN 8.23/US 7.87/ID 5.64/KR 5.52/CO 3.51;61.73;18.78;0.02;7.06;0.26;5.36;0.08;5.18;1.52;55;industry rank 1928
drawsql.app;2026-09-30;Jun-Aug 2026;Worldwide;371032;123677;57400;00:01:19;2.52;42.95;70.74;336160;нет данных (мало);нет данных;нет данных;;;;;;;;нет данных;каналы и география: недостаточно данных; industry rank 6925
eraser.io;2026-09-30;Jun-Aug 2026;Worldwide;2183000;;;;;;;;нет данных;нет данных;нет данных;;;;;;;;нет данных;Раздел обзора домена данных не показал (нет совпадения); значение взято из сравнения на странице plantuml.com (окно то же)
