query;count_per_window;window;region;device;snapshot_date;comment
uml;652;29.08.2026-27.09.2026;Беларусь (149);все;2026-09-30;ядро
bpmn;473;29.08.2026-27.09.2026;Беларусь (149);все;2026-09-30;ядро
plantuml;200;29.08.2026-27.09.2026;Беларусь (149);все;2026-09-30;ядро, бренд
idef0;101;29.08.2026-27.09.2026;Беларусь (149);все;2026-09-30;ядро
dfd диаграмма;28;29.08.2026-27.09.2026;Беларусь (149);все;2026-09-30;ядро
erd диаграмма;25;29.08.2026-27.09.2026;Беларусь (149);все;2026-09-30;ядро
сеть петри;16;29.08.2026-27.09.2026;Беларусь (149);все;2026-09-30;ядро
конструктор диаграмм онлайн;6;29.08.2026-27.09.2026;Беларусь (149);все;2026-09-30;ядро
нейросеть схема;81;29.08.2026-27.09.2026;Беларусь (149);все;2026-09-30;ядро
нейросеть диаграмма;28;29.08.2026-27.09.2026;Беларусь (149);все;2026-09-30;ядро
stormbpmn;2;29.08.2026-27.09.2026;Беларусь (149);все;2026-09-30;бренд
kroki;12;29.08.2026-27.09.2026;Беларусь (149);все;2026-09-30;бренд; возможны омонимы (kroki - слово)
planttext;9;29.08.2026-27.09.2026;Беларусь (149);все;2026-09-30;бренд
camunda modeler;17;29.08.2026-27.09.2026;Беларусь (149);все;2026-09-30;бренд
drawsql;2;29.08.2026-27.09.2026;Беларусь (149);все;2026-09-30;бренд
eraser io;2;29.08.2026-27.09.2026;Беларусь (149);все;2026-09-30;бренд
d2lang;0;29.08.2026-29.09.2026;Беларусь (149);все;2026-09-30;бренд; нет подходящих запросов
mermaidchart;0;29.08.2026-29.09.2026;Беларусь (149);все;2026-09-30;бренд; нет подходящих запросов
dbdiagram;2;29.08.2026-27.09.2026;Беларусь (149);все;2026-09-30;бренд
bpmn io;37;29.08.2026-27.09.2026;Беларусь (149);все;2026-09-30;бренд; bpmn.io
