Номер;Дата выгрузки;Сервис;Запрос(ы);Территория;Период;Категория;Тип поиска;Файл;Назначение
1;2026-09-29;Google Trends;UML, BPMN (голые термины);Беларусь (BY);today 5-y (2021-09-29..2026-09-29), неделя->месяц;0;Веб-поиск;GT_2026-09-29_BY_5y_packet6_UML_BPMN_monthly.json;Главный ряд, сопоставим с Яндекс Вордстатом
2;2026-09-29;Google Trends;PlantUML, Mermaid, diagram as code, text to diagram, UML diagram generator;Беларусь (BY);today 5-y, неделя;0;Веб-поиск;GT_2026-09-29_BY_5y_packet1_time.json (+_monthly.json);Пакет 1 семантического ядра, почти нулевые данные
3;2026-09-29;Google Trends;draw.io, diagrams.net, Lucidchart, BPMN, ERD tool;Беларусь (BY);today 5-y, неделя;0;Веб-поиск;GT_2026-09-29_BY_5y_packet2_time.json (+_monthly.json);Пакет 2, конкуренты
4;2026-09-29;Google Trends;конструктор диаграмм онлайн, UML диаграмма онлайн, нотация BPMN, диаграмма классов UML, сервис для диаграмм;Беларусь (BY);today 5-y, неделя;0;Веб-поиск;GT_2026-09-29_BY_5y_packet3_time.json;Пакет 3, русскоязычные широкие запросы (почти нулевые данные)
5;2026-09-29;Google Trends;UML для курсовой, диаграмма вариантов использования, IDEF0, сеть Петри, DFD диаграмма;Беларусь (BY);today 5-y, неделя;0;Веб-поиск;GT_2026-09-29_BY_5y_packet4_time.json;Пакет 4, учебные/нишевые запросы (IDEF0 — 8 ненулевых недель)
6;2026-09-29;Google Trends;Miro, diagramming tool, flowchart maker, Figma, Visual Paradigm;Беларусь (BY);today 5-y, неделя->месяц;0;Веб-поиск;GT_2026-09-29_BY_5y_packet5_time_monthly.json;Пакет 5 (доп.), смежные визуальные инструменты
7;2026-09-29;Google Trends;BPMN;Беларусь (BY);"today 12-m (недели 28.09.2025..03.10.2026; последняя неделя неполная)";0;Веб-поиск;GT_2026-09-29_BY_12m_BPMN_time_regions_related.json;12 месяцев + регионы + связанные запросы
8;2026-09-29;Google Trends;IDEF0;Беларусь (BY);today 12-m, неделя;0;Веб-поиск;GT_2026-09-29_BY_12m_IDEF0_time_regions_related.json;12 месяцев + регионы + связанные запросы (почти нулевые данные)
9;2026-09-30;Google Trends;UML;Беларусь (BY);"today 12-m (недели 28.09.2025..03.10.2026; последняя неделя неполная)";0;Веб-поиск;GT_2026-09-30_BY_12m_UML_time_regions_related.json;12 месяцев + регионы + связанные запросы
10;2026-09-29;Google Trends;PlantUML, Mermaid, diagram as code, text to diagram, UML diagram generator;весь мир;today 5-y, неделя->месяц;0;Веб-поиск;GT_2026-09-29_world_5y_packet1_monthly.json;"Справочный мировой ряд (Mermaid); пик мая-июня 2023 — омонимия (фильм «Русалочка»)"
11;2026-09-29;Яндекс Вордстат;uml;Беларусь (id=149);2024-09..2026-08 (24 мес.), по месяцам;-;все устройства;Wordstat_Беларусь/wordstat_uml_dinamika_RB_2024-09_2026-08.json;"Динамика; данные сняты через личный аккаунт Яндекс ID"
12;2026-09-29;Яндекс Вордстат;bpmn;Беларусь (id=149);2024-09..2026-08 (24 мес.), по месяцам;-;все устройства;Wordstat_Беларусь/wordstat_bpmn_dinamika_RB_2024-09_2026-08.json;"Динамика; данные сняты через личный аккаунт Яндекс ID"
13;2026-09-29;Яндекс Вордстат;uml, bpmn, plantuml, idef0, dfd диаграмма, erd диаграмма, сеть петри, конструктор диаграмм онлайн, mermaid js и дополнительные запросы;Беларусь (id=149);Топы запросов, 25.08-23.09.2026;-;все устройства;"Wordstat_Беларусь/СВОДКА_реальных_данных_Wordstat.md; Скриншоты/";Частотность за последний месяц
14;2026-09-29;Яндекс Вордстат;uml;мир/СНГ (вкладка «Регионы» не учитывает фильтр региона);25.08-23.09.2026;-;все устройства;"Wordstat_Беларусь/СВОДКА_реальных_данных_Wordstat.md; Скриншоты/wordstat_uml_regiony_mir_Belarus-Minsk.png";"Беларусь 513 запросов, индекс 127,61; Минск и область 372, индекс 194,99"
