Площадка;Расширение/плагин/продукт;Ссылка;Установки/загрузки;Число отзывов;Средняя оценка;Платные планы (да/нет/что);Дата замера;Способ получения;Примечание
VS Marketplace;PlantUML (jebbs.plantuml);https://marketplace.visualstudio.com/items?itemName=jebbs.plantuml;3712111 installs;105;4.72;"нет данных в API (расширение в Marketplace бесплатное; цена не указана)";30.09.2026;API extensionquery flags=914 (ratingcount = число оценок);updateCount=8921253
VS Marketplace;Markdown Preview Mermaid Support (bierner.markdown-mermaid);https://marketplace.visualstudio.com/items?itemName=bierner.markdown-mermaid;5342719 installs;60;4.62;"нет данных в API (расширение в Marketplace бесплатное; цена не указана)";30.09.2026;API extensionquery flags=914 (ratingcount = число оценок);updateCount=12507982
VS Marketplace;Draw.io Integration (hediet.vscode-drawio);https://marketplace.visualstudio.com/items?itemName=hediet.vscode-drawio;4173397 installs;161;4.91;"нет данных в API (расширение в Marketplace бесплатное; цена не указана)";30.09.2026;API extensionquery flags=914 (ratingcount = число оценок);updateCount=4355339
VS Marketplace;Mermaid Editor (tomoyukim.vscode-mermaid-editor);https://marketplace.visualstudio.com/items?itemName=tomoyukim.vscode-mermaid-editor;282326 installs;17;4.53;"нет данных в API (расширение в Marketplace бесплатное; цена не указана)";30.09.2026;API extensionquery flags=914 (ratingcount = число оценок);updateCount=171072
VS Marketplace;Mermaid Preview (vstirbu.vscode-mermaid-preview);https://marketplace.visualstudio.com/items?itemName=vstirbu.vscode-mermaid-preview;873949 installs;27;2.96;"нет данных в API (расширение в Marketplace бесплатное; цена не указана)";30.09.2026;API extensionquery flags=914 (ratingcount = число оценок);updateCount=706067
VS Marketplace;Mermaid (MermaidChart.vscode-mermaid-chart);https://marketplace.visualstudio.com/items?itemName=MermaidChart.vscode-mermaid-chart;1103663 installs;40;2.88;"расширение бесплатно; платные планы у сервиса Mermaid Chart (условия на сайте, не проверялись)";30.09.2026;API extensionquery flags=914 (ratingcount = число оценок);updateCount=6675876
VS Marketplace;PlantUML Previewer (Mebrahtom.plantumlpreviewer);https://marketplace.visualstudio.com/items?itemName=Mebrahtom.plantumlpreviewer;304035 installs;9;2.56;"нет данных в API (расширение в Marketplace бесплатное; цена не указана)";30.09.2026;API extensionquery flags=914 (ratingcount = число оценок);updateCount=1485
VS Marketplace;PlantUML - Simple Viewer (well-ar.plantuml);https://marketplace.visualstudio.com/items?itemName=well-ar.plantuml;187430 installs;4;5;"нет данных в API (расширение в Marketplace бесплатное; цена не указана)";30.09.2026;API extensionquery flags=914 (ratingcount = число оценок);updateCount=34960
VS Marketplace;PlantUML Syntax (qhoekman.language-plantuml);https://marketplace.visualstudio.com/items?itemName=qhoekman.language-plantuml;163778 installs;5;1.2;"нет данных в API (расширение в Marketplace бесплатное; цена не указана)";30.09.2026;API extensionquery flags=914 (ratingcount = число оценок);updateCount=3982
VS Marketplace;UMLet (TheUMLetTeam.umlet);https://marketplace.visualstudio.com/items?itemName=TheUMLetTeam.umlet;173069 installs;30;4.93;"нет данных в API (расширение в Marketplace бесплатное; цена не указана)";30.09.2026;API extensionquery flags=914 (ratingcount = число оценок);updateCount=81654
VS Marketplace;Excalidraw (pomdtr.excalidraw-editor);https://marketplace.visualstudio.com/items?itemName=pomdtr.excalidraw-editor;555672 installs;33;4.94;"нет данных в API (расширение в Marketplace бесплатное; цена не указана)";30.09.2026;API extensionquery flags=914 (ratingcount = число оценок);updateCount=731612
VS Marketplace;Eraser Diagrams (EraserLabs.eraserlabs);https://marketplace.visualstudio.com/items?itemName=EraserLabs.eraserlabs;12640 installs;5;4.8;"расширение бесплатно; платные планы у сервиса Eraser (не проверялись)";30.09.2026;API extensionquery flags=914 (ratingcount = число оценок);updateCount=5066
VS Marketplace;BPMN Editor (redhat.vscode-extension-bpmn-editor);https://marketplace.visualstudio.com/items?itemName=redhat.vscode-extension-bpmn-editor;74480 installs;8;3.75;"нет данных в API (расширение в Marketplace бесплатное; цена не указана)";30.09.2026;API extensionquery flags=914 (ratingcount = число оценок);updateCount=109593
VS Marketplace;Open-BPMN (open-bpmn.open-bpmn-vscode-extension);https://marketplace.visualstudio.com/items?itemName=open-bpmn.open-bpmn-vscode-extension;16468 installs;5;4.2;"нет данных в API (расширение в Marketplace бесплатное; цена не указана)";30.09.2026;API extensionquery flags=914 (ratingcount = число оценок);updateCount=59685
VS Marketplace;BPMN Modeler (miragon-gmbh.vs-code-bpmn-modeler);https://marketplace.visualstudio.com/items?itemName=miragon-gmbh.vs-code-bpmn-modeler;12573 installs;4;4.75;"нет данных в API (расширение в Marketplace бесплатное; цена не указана)";30.09.2026;API extensionquery flags=914 (ratingcount = число оценок);updateCount=68196
VS Marketplace;Apache KIE™ BPMN Editor (kie-group.bpmn-vscode-extension);https://marketplace.visualstudio.com/items?itemName=kie-group.bpmn-vscode-extension;25398 installs;0;нет оценок;"нет данных в API (расширение в Marketplace бесплатное; цена не указана)";30.09.2026;API extensionquery flags=914 (ratingcount = число оценок);updateCount=32681
VS Marketplace;ERD Editor (dineug.vuerd-vscode);https://marketplace.visualstudio.com/items?itemName=dineug.vuerd-vscode;193976 installs;37;4.84;"нет данных в API (расширение в Marketplace бесплатное; цена не указана)";30.09.2026;API extensionquery flags=914 (ratingcount = число оценок);updateCount=704481
VS Marketplace;vscode-dbml (matt-meyers.vscode-dbml);https://marketplace.visualstudio.com/items?itemName=matt-meyers.vscode-dbml;94396 installs;3;5;"нет данных в API (расширение в Marketplace бесплатное; цена не указана)";30.09.2026;API extensionquery flags=914 (ratingcount = число оценок);updateCount=19620
VS Marketplace;DBML Entity-Relationship Diagrams visualizer (bocovo.dbml-erd-visualizer);https://marketplace.visualstudio.com/items?itemName=bocovo.dbml-erd-visualizer;36933 installs;9;4.78;"нет данных в API (расширение в Marketplace бесплатное; цена не указана)";30.09.2026;API extensionquery flags=914 (ratingcount = число оценок);updateCount=30823
VS Marketplace;VSCode Sequence Diagrams (AleksandarDev.vscode-sequence-diagrams);https://marketplace.visualstudio.com/items?itemName=AleksandarDev.vscode-sequence-diagrams;49999 installs;11;4.45;"нет данных в API (расширение в Marketplace бесплатное; цена не указана)";30.09.2026;API extensionquery flags=914 (ratingcount = число оценок);updateCount=24880
VS Marketplace;Mermaid Graphical Editor (corschenzi.mermaid-graphical-editor);https://marketplace.visualstudio.com/items?itemName=corschenzi.mermaid-graphical-editor;78542 installs;15;4.87;"нет данных в API (расширение в Marketplace бесплатное; цена не указана)";30.09.2026;API extensionquery flags=914 (ratingcount = число оценок);updateCount=151393
VS Marketplace;Mermaid Markdown Syntax Highlighting (bpruitt-goddard.mermaid-markdown-syntax-highlighting);https://marketplace.visualstudio.com/items?itemName=bpruitt-goddard.mermaid-markdown-syntax-highlighting;832703 installs;19;4.32;"нет данных в API (расширение в Marketplace бесплатное; цена не указана)";30.09.2026;API extensionquery flags=914 (ratingcount = число оценок);updateCount=3440113
VS Marketplace;vscode-mermAId (ms-vscode.copilot-mermaid-diagram);https://marketplace.visualstudio.com/items?itemName=ms-vscode.copilot-mermaid-diagram;113765 installs;7;5;"нет данных в API (расширение в Marketplace бесплатное; цена не указана)";30.09.2026;API extensionquery flags=914 (ratingcount = число оценок);updateCount=323012
VS Marketplace;Draw.io Integration: Mermaid plugin (nopeslide.vscode-drawio-plugin-mermaid);https://marketplace.visualstudio.com/items?itemName=nopeslide.vscode-drawio-plugin-mermaid;127740 installs;2;5;"нет данных в API (расширение в Marketplace бесплатное; цена не указана)";30.09.2026;API extensionquery flags=914 (ratingcount = число оценок);updateCount=7966
VS Marketplace;Drawio Preview (purocean.drawio-preview);https://marketplace.visualstudio.com/items?itemName=purocean.drawio-preview;173274 installs;2;5;"нет данных в API (расширение в Marketplace бесплатное; цена не указана)";30.09.2026;API extensionquery flags=914 (ratingcount = число оценок);updateCount=14474
VS Marketplace;ERD Preview (kaishuu0123.vscode-erd-preview);https://marketplace.visualstudio.com/items?itemName=kaishuu0123.vscode-erd-preview;21356 installs;2;3;"нет данных в API (расширение в Marketplace бесплатное; цена не указана)";30.09.2026;API extensionquery flags=914 (ratingcount = число оценок);updateCount=5098
JetBrains Marketplace;plantuml4idea (id 7017);https://plugins.jetbrains.com/plugin/7017-plantuml4idea;5014362 downloads;102 (votes);4.63;нет (FREE);30.09.2026;API /api/plugins/{id} (downloads, pricingModel), /rating (votes), searchPlugins (rating);"Средняя оценка из searchPlugins; поле meanRating в /rating одинаково у всех (4.06) - не использовано"
JetBrains Marketplace;Mermaid (id 20146);https://plugins.jetbrains.com/plugin/20146-mermaid;1662818 downloads;65 (votes);2.96;нет (FREE);30.09.2026;API /api/plugins/{id} (downloads, pricingModel), /rating (votes), searchPlugins (rating);"Средняя оценка из searchPlugins; поле meanRating в /rating одинаково у всех (4.06) - не использовано"
JetBrains Marketplace;Diagrams.net Integration (id 15635);https://plugins.jetbrains.com/plugin/15635-diagrams-net-integration;485573 downloads;48 (votes);4.1;нет (FREE);30.09.2026;API /api/plugins/{id} (downloads, pricingModel), /rating (votes), searchPlugins (rating);"Средняя оценка из searchPlugins; поле meanRating в /rating одинаково у всех (4.06) - не использовано"
JetBrains Marketplace;Mermaid Chart (id 23043);https://plugins.jetbrains.com/plugin/23043-mermaid-chart;50284 downloads;10 (votes);2.51;нет (FREE);30.09.2026;API /api/plugins/{id} (downloads, pricingModel), /rating (votes), searchPlugins (rating);"Средняя оценка из searchPlugins; поле meanRating в /rating одинаково у всех (4.06) - не использовано"
JetBrains Marketplace;Mermaid Studio Core (id 30883);https://plugins.jetbrains.com/plugin/30883-mermaid-studio-core;22806 downloads;1 (votes);4.39;"да, freemium (пробный период по purchaseInfo); trial 30 дн., цена в API не указана";30.09.2026;API /api/plugins/{id} (downloads, pricingModel), /rating (votes), searchPlugins (rating);"Средняя оценка из searchPlugins; поле meanRating в /rating одинаково у всех (4.06) - не использовано"
JetBrains Marketplace;Mermaid Studio (id 29870);https://plugins.jetbrains.com/plugin/29870-mermaid-studio;14186 downloads;2 (votes);4.29;"да, платный (пробный период по purchaseInfo); trial 30 дн., цена в API не указана";30.09.2026;API /api/plugins/{id} (downloads, pricingModel), /rating (votes), searchPlugins (rating);"Средняя оценка из searchPlugins; поле meanRating в /rating одинаково у всех (4.06) - не использовано"
JetBrains Marketplace;ZenUML Support (id 12437);https://plugins.jetbrains.com/plugin/12437-zenuml-support;41521 downloads;9 (votes);4.57;"да, freemium (пробный период по purchaseInfo); trial 30 дн., цена в API не указана";30.09.2026;API /api/plugins/{id} (downloads, pricingModel), /rating (votes), searchPlugins (rating);"Средняя оценка из searchPlugins; поле meanRating в /rating одинаково у всех (4.06) - не использовано"
JetBrains Marketplace;ERD Editor (id 23594);https://plugins.jetbrains.com/plugin/23594-erd-editor;26519 downloads;3 (votes);4.04;нет (FREE);30.09.2026;API /api/plugins/{id} (downloads, pricingModel), /rating (votes), searchPlugins (rating);"Средняя оценка из searchPlugins; поле meanRating в /rating одинаково у всех (4.06) - не использовано"
JetBrains Marketplace;Activiti BPMN visualizer (id 15222);https://plugins.jetbrains.com/plugin/15222-activiti-bpmn-visualizer;192572 downloads;11 (votes);4.17;нет (FREE);30.09.2026;API /api/plugins/{id} (downloads, pricingModel), /rating (votes), searchPlugins (rating);"Средняя оценка из searchPlugins; поле meanRating в /rating одинаково у всех (4.06) - не использовано"
JetBrains Marketplace;Flowable BPMN visualizer (id 14318);https://plugins.jetbrains.com/plugin/14318-flowable-bpmn-visualizer;110007 downloads;2 (votes);4.31;нет (FREE);30.09.2026;API /api/plugins/{id} (downloads, pricingModel), /rating (votes), searchPlugins (rating);"Средняя оценка из searchPlugins; поле meanRating в /rating одинаково у всех (4.06) - не использовано"
JetBrains Marketplace;Excalidraw Integration (id 17096);https://plugins.jetbrains.com/plugin/17096-excalidraw-integration;47327 downloads;16 (votes);3.79;нет (FREE);30.09.2026;API /api/plugins/{id} (downloads, pricingModel), /rating (votes), searchPlugins (rating);"Средняя оценка из searchPlugins; поле meanRating в /rating одинаково у всех (4.06) - не использовано"
JetBrains Marketplace;BPMN Viewer - Free and OpenSource (id 21952);https://plugins.jetbrains.com/plugin/21952-bpmn-viewer--free-and-opensource;34303 downloads;1 (votes);4.41;нет (FREE);30.09.2026;API /api/plugins/{id} (downloads, pricingModel), /rating (votes), searchPlugins (rating);"Средняя оценка из searchPlugins; поле meanRating в /rating одинаково у всех (4.06) - не использовано"
JetBrains Marketplace;SequenceDiagram Core (id 8286);https://plugins.jetbrains.com/plugin/8286-sequencediagram-core;1565628 downloads;57 (votes);4.36;"да, freemium (пробный период по purchaseInfo); trial 7 дн., цена в API не указана";30.09.2026;API /api/plugins/{id} (downloads, pricingModel), /rating (votes), searchPlugins (rating);"Средняя оценка из searchPlugins; поле meanRating в /rating одинаково у всех (4.06) - не использовано"
Каталог ПО;Lucidchart (Capterra);https://www.capterra.com/p/146136/Lucidchart/;н/п;2264;4.5;да: Free (3 док.), Individual $9/мес, Team $10/польз./мес, Enterprise;30.09.2026;WebFetch;"Ранее WebSearch показал 2246 - данные меняются; GetApp и SoftwareAdvice: 2264, 4.5"
Каталог ПО;Lucidchart (GetApp);https://www.getapp.com/it-management-software/a/lucidchart/reviews/;н/п;2264;4.5;"да, от $9/мес; есть free";30.09.2026;WebFetch;
Каталог ПО;Lucidchart (Software Advice);https://www.softwareadvice.com/diagram/lucidchart-profile/;н/п;2264;4.5;"да, от $9/мес; есть free";30.09.2026;WebFetch;
Каталог ПО;Lucidchart (G2);https://www.g2.com/products/lucidchart/reviews;н/п;нет данных: доступ закрыт (HTTP 403);нет данных;нет данных;30.09.2026;WebFetch;Защиту не обходили
Каталог ПО;Lucid Software (Trustpilot);https://www.trustpilot.com/review/lucid.co;н/п;8;2.2;н/п;30.09.2026;WebFetch;Выборка мала
Каталог ПО;Miro (Capterra);https://www.capterra.com/p/128955/Miro/;н/п;1705;4.7;да: Free (3 доски), Starter $10, Consultant $15, Business $20, Enterprise;30.09.2026;WebFetch;
Каталог ПО;Miro (G2);https://www.g2.com/products/miro/reviews;н/п;нет данных: доступ закрыт (HTTP 403);нет данных;нет данных;30.09.2026;WebFetch;
Каталог ПО;Miro (Trustpilot);https://www.trustpilot.com/review/miro.com;н/п;155;2.1;н/п;30.09.2026;WebFetch;
Каталог ПО;draw.io / diagrams.net (Capterra);https://www.capterra.com/p/166985/draw-io/;н/п;773;4.6;"бесплатно; на странице указано 'от EUR 5/мес' (вероятно платные интеграции)";30.09.2026;WebFetch;
Каталог ПО;draw.io (G2);https://www.g2.com/products/draw-io/reviews;н/п;нет данных: доступ закрыт (HTTP 403);нет данных;нет данных;30.09.2026;WebFetch;
Каталог ПО;Creately (Capterra);https://www.capterra.com/p/127628/Creately/;н/п;216;4.4;да: Free, Personal $8, Team $8/польз., Business $149/мес, Enterprise;30.09.2026;WebFetch;
Каталог ПО;Visual Paradigm (Capterra);https://www.capterra.com/p/145716/Visual-Paradigm/;н/п;19;4.3;"да, от $35/мес; пробный период";30.09.2026;WebFetch;
Каталог ПО;Whimsical (Capterra);https://www.capterra.com/p/172789/Whimsical/;н/п;59;4.7;да: Free, Pro $10, Enterprise $20;30.09.2026;WebFetch;
Каталог ПО;Mermaid Chart (Product Hunt);https://www.producthunt.com/products/mermaid-chart;н/п;26;4.8;нет данных на странице;30.09.2026;WebFetch;Подписчиков 1.2K
Каталог ПО;Eraser (Product Hunt);https://www.producthunt.com/products/eraser-2;н/п;10;4.9;нет данных на странице;30.09.2026;WebFetch;Подписчиков 1.9K
Каталог ПО;Mermaid Chart (Capterra/G2/GetApp);-;н/п;нет данных (страница не найдена / не найден в поиске);нет данных;нет данных;30.09.2026;WebFetch/WebSearch 30.09.2026;"Не найдено страниц каталога; не выдумано"
Каталог ПО;Eraser (Capterra/G2);-;н/п;нет данных (страница не найдена / не найден в поиске);нет данных;нет данных;30.09.2026;WebFetch/WebSearch 30.09.2026;"Не найдено страниц каталога; не выдумано"
Каталог ПО;dbdiagram.io (Capterra/G2/Product Hunt);https://www.producthunt.com/products/dbdiagram-io;н/п;нет данных (страница не найдена / не найден в поиске);нет данных;нет данных;30.09.2026;WebFetch/WebSearch 30.09.2026;"Не найдено страниц каталога; не выдумано"
Каталог ПО;PlantUML (Capterra/G2);-;н/п;нет данных (страница не найдена / не найден в поиске);нет данных;нет данных;30.09.2026;WebFetch/WebSearch 30.09.2026;"Не найдено страниц каталога; не выдумано"
Chrome Web Store;draw.io Desktop (pebppomjfocnoigkeepgbmcifnnlndla);https://chromewebstore.google.com/detail/drawio-desktop/pebppomjfocnoigkeepgbmcifnnlndla;нет данных;нет данных;нет данных;нет данных;30.09.2026;WebFetch;"Редирект на consent.google.com; согласие с cookie не принималось"
Atlassian Marketplace;draw.io Diagrams for Confluence and Jira;https://marketplace.atlassian.com/apps/1210933/draw-io-diagrams-for-confluence-and-jira;61555 installs;1205;4.8;"да (платно через Atlassian; Standard и Advanced)";30.09.2026;WebFetch;Косвенный индикатор
GitHub;plantuml/plantuml;https://github.com/plantuml/plantuml;"13344 stars (косвенно); forks 1237";н/п;н/п;н/п (open source);30.09.2026;GitHub API без токена;"последний релиз v1.2026.8 от 2026-09-05; push 2026-09-29"
GitHub;mermaid-js/mermaid;https://github.com/mermaid-js/mermaid;"90483 stars (косвенно); forks 9311";н/п;н/п;н/п (open source);30.09.2026;GitHub API без токена;"последний релиз @mermaid-js/layout-tidy-tree@1.0.1 от 2026-09-18; push 2026-09-29"
GitHub;jgraph/drawio;https://github.com/jgraph/drawio;"8484 stars (косвенно); forks 1276";н/п;н/п;н/п (open source);30.09.2026;GitHub API без токена;"последний релиз v31.5.3 от 2026-09-25; push 2026-09-25"
GitHub;bpmn-io/bpmn-js;https://github.com/bpmn-io/bpmn-js;"9675 stars (косвенно); forks 1489";н/п;н/п;н/п (open source);30.09.2026;GitHub API без токена;"последний релиз v18.30.1 от 2026-09-24; push 2026-09-25"
GitHub;excalidraw/excalidraw;https://github.com/excalidraw/excalidraw;"133265 stars (косвенно); forks 15522";н/п;н/п;н/п (open source);30.09.2026;GitHub API без токена;"последний релиз v0.18.1 от 2026-04-21; push 2026-09-29"
npm;mermaid;https://www.npmjs.com/package/mermaid;64319010 downloads за 2026-08-30..2026-09-28;н/п;н/п;н/п;30.09.2026;api.npmjs.org last-month;Загрузки включают CI/зеркала
npm;plantuml-encoder;https://www.npmjs.com/package/plantuml-encoder;737152 downloads за 2026-08-30..2026-09-28;н/п;н/п;н/п;30.09.2026;api.npmjs.org last-month;Загрузки включают CI/зеркала
npm;bpmn-js;https://www.npmjs.com/package/bpmn-js;971126 downloads за 2026-08-30..2026-09-28;н/п;н/п;н/п;30.09.2026;api.npmjs.org last-month;Загрузки включают CI/зеркала
npm;drawio;https://www.npmjs.com/package/drawio;724 downloads за 2026-08-30..2026-09-28;н/п;н/п;н/п;30.09.2026;api.npmjs.org last-month;Загрузки включают CI/зеркала
npm;@excalidraw/excalidraw;https://www.npmjs.com/package/@excalidraw/excalidraw;2242195 downloads за 2026-08-30..2026-09-28;н/п;н/п;н/п;30.09.2026;api.npmjs.org last-month;Загрузки включают CI/зеркала
